Registration,CourseID,StudentID
1,1,1
2,1,1
3,1,1
4,1,1
5,1,1
6,1,1
7,1,2
8,1,2
9,1,2
10,1,2
11,1,2
12,1,2
13,1,3
14,1,3
15,1,3
16,1,3
17,1,3
18,1,3
19,1,4
20,1,4
21,1,4
22,1,4
23,1,4
24,1,4
25,1,5
26,1,5
27,1,5
28,1,5
29,1,5
30,1,5
31,1,6
32,1,6
33,1,6
34,1,6
35,1,6
36,1,6
37,1,7
38,1,7
39,1,7
40,1,7
41,1,7
42,1,7
43,1,8
44,1,8
45,1,8
46,1,8
47,1,8
48,1,8
49,1,9
50,1,9
51,2,9
52,2,9
53,2,9
54,2,9
55,2,10
56,2,10
57,2,10
58,2,10
59,2,10
60,2,10
61,2,11
62,2,11
63,2,11
64,2,11
65,2,11
66,2,11
67,2,12
68,2,12
69,2,12
70,2,12
71,2,12
72,2,12
73,2,13
74,2,13
75,2,13
76,2,13
77,2,13
78,2,13
79,2,14
80,2,14
81,2,14
82,2,14
83,2,14
84,2,14
85,2,15
86,2,15
87,2,15
88,2,15
89,2,15
90,2,15
91,2,16
92,2,16
93,2,16
94,2,16
95,2,16
96,2,16
97,2,17
98,2,17
99,2,17
100,2,17
101,3,17
102,3,17
103,3,18
104,3,18
105,3,18
106,3,18
107,3,18
108,3,18
109,3,19
110,3,19
111,3,19
112,3,19
113,3,19
114,3,19
115,3,20
116,3,20
117,3,20
118,3,20
119,3,20
120,3,20
121,3,21
122,3,21
123,3,21
124,3,21
125,3,21
126,3,21
127,3,22
128,3,22
129,3,22
130,3,22
131,3,22
132,3,22
133,3,23
134,3,23
135,3,23
136,3,23
137,3,23
138,3,23
139,3,24
140,3,24
141,3,24
142,3,24
143,3,24
144,3,24
145,3,25
146,3,25
147,3,25
148,3,25
149,3,25
150,3,25
151,4,26
152,4,26
153,4,26
154,4,26
155,4,26
156,4,26
157,4,27
158,4,27
159,4,27
160,4,27
161,4,27
162,4,27
163,4,28
164,4,28
165,4,28
166,4,28
167,4,28
168,4,28
169,4,29
170,4,29
171,4,29
172,4,29
173,4,29
174,4,29
175,4,30
176,4,30
177,4,30
178,4,30
179,4,30
180,4,30
181,4,31
182,4,31
183,4,31
184,4,31
185,4,31
186,4,31
187,4,32
188,4,32
189,4,32
190,4,32
191,4,32
192,4,32
193,4,33
194,4,33
195,4,33
196,4,33
197,4,33
198,4,33
199,4,34
200,4,34
201,5,34
202,5,34
203,5,34
204,5,34
205,5,35
206,5,35
207,5,35
208,5,35
209,5,35
210,5,35
211,5,36
212,5,36
213,5,36
214,5,36
215,5,36
216,5,36
217,5,37
218,5,37
219,5,37
220,5,37
221,5,37
222,5,37
223,5,38
224,5,38
225,5,38
226,5,38
227,5,38
228,5,38
229,5,39
230,5,39
231,5,39
232,5,39
233,5,39
234,5,39
235,5,40
236,5,40
237,5,40
238,5,40
239,5,40
240,5,40
241,5,41
242,5,41
243,5,41
244,5,41
245,5,41
246,5,41
247,5,42
248,5,42
249,5,42
250,5,42
251,6,42
252,6,42
253,6,43
254,6,43
255,6,43
256,6,43
257,6,43
258,6,43
259,6,44
260,6,44
261,6,44
262,6,44
263,6,44
264,6,44
265,6,45
266,6,45
267,6,45
268,6,45
269,6,45
270,6,45
271,6,46
272,6,46
273,6,46
274,6,46
275,6,46
276,6,46
277,6,47
278,6,47
279,6,47
280,6,47
281,6,47
282,6,47
283,6,48
284,6,48
285,6,48
286,6,48
287,6,48
288,6,48
289,6,49
290,6,49
291,6,49
292,6,49
293,6,49
294,6,49
295,6,50
296,6,50
297,6,50
298,6,50
299,6,50
300,6,50
301,7,51
302,7,51
303,7,51
304,7,51
305,7,51
306,7,51
307,7,52
308,7,52
309,7,52
310,7,52
311,7,52
312,7,52
313,7,53
314,7,53
315,7,53
316,7,53
317,7,53
318,7,53
319,7,54
320,7,54
321,7,54
322,7,54
323,7,54
324,7,54
325,7,55
326,7,55
327,7,55
328,7,55
329,7,55
330,7,55
331,7,56
332,7,56
333,7,56
334,7,56
335,7,56
336,7,56
337,7,57
338,7,57
339,7,57
340,7,57
341,7,57
342,7,57
343,7,58
344,7,58
345,7,58
346,7,58
347,7,58
348,7,58
349,7,59
350,7,59
351,8,59
352,8,59
353,8,59
354,8,59
355,8,60
356,8,60
357,8,60
358,8,60
359,8,60
360,8,60
361,8,61
362,8,61
363,8,61
364,8,61
365,8,61
366,8,61
367,8,62
368,8,62
369,8,62
370,8,62
371,8,62
372,8,62
373,8,63
374,8,63
375,8,63
376,8,63
377,8,63
378,8,63
379,8,64
380,8,64
381,8,64
382,8,64
383,8,64
384,8,64
385,8,65
386,8,65
387,8,65
388,8,65
389,8,65
390,8,65
391,8,66
392,8,66
393,8,66
394,8,66
395,8,66
396,8,66
397,8,67
398,8,67
399,8,67
400,8,67
401,9,67
402,9,67
403,9,68
404,9,68
405,9,68
406,9,68
407,9,68
408,9,68
409,9,69
410,9,69
411,9,69
412,9,69
413,9,69
414,9,69
415,9,70
416,9,70
417,9,70
418,9,70
419,9,70
420,9,70
421,9,71
422,9,71
423,9,71
424,9,71
425,9,71
426,9,71
427,9,72
428,9,72
429,9,72
430,9,72
431,9,72
432,9,72
433,9,73
434,9,73
435,9,73
436,9,73
437,9,73
438,9,73
439,9,74
440,9,74
441,9,74
442,9,74
443,9,74
444,9,74
445,9,75
446,9,75
447,9,75
448,9,75
449,9,75
450,9,75
451,10,76
452,10,76
453,10,76
454,10,76
455,10,76
456,10,76
457,10,77
458,10,77
459,10,77
460,10,77
461,10,77
462,10,77
463,10,78
464,10,78
465,10,78
466,10,78
467,10,78
468,10,78
469,10,79
470,10,79
471,10,79
472,10,79
473,10,79
474,10,79
475,10,80
476,10,80
477,10,80
478,10,80
479,10,80
480,10,80
481,10,81
482,10,81
483,10,81
484,10,81
485,10,81
486,10,81
487,10,82
488,10,82
489,10,82
490,10,82
491,10,82
492,10,82
493,10,83
494,10,83
495,10,83
496,10,83
497,10,83
498,10,83
499,10,84
500,10,84
501,11,84
502,11,84
503,11,84
504,11,84
505,11,85
506,11,85
507,11,85
508,11,85
509,11,85
510,11,85
511,11,86
512,11,86
513,11,86
514,11,86
515,11,86
516,11,86
517,11,87
518,11,87
519,11,87
520,11,87
521,11,87
522,11,87
523,11,88
524,11,88
525,11,88
526,11,88
527,11,88
528,11,88
529,11,89
530,11,89
531,11,89
532,11,89
533,11,89
534,11,89
535,11,90
536,11,90
537,11,90
538,11,90
539,11,90
540,11,90
541,11,91
542,11,91
543,11,91
544,11,91
545,11,91
546,11,91
547,11,92
548,11,92
549,11,92
550,11,92
551,12,92
552,12,92
553,12,93
554,12,93
555,12,93
556,12,93
557,12,93
558,12,93
559,12,94
560,12,94
561,12,94
562,12,94
563,12,94
564,12,94
565,12,95
566,12,95
567,12,95
568,12,95
569,12,95
570,12,95
571,12,96
572,12,96
573,12,96
574,12,96
575,12,96
576,12,96
577,12,97
578,12,97
579,12,97
580,12,97
581,12,97
582,12,97
583,12,98
584,12,98
585,12,98
586,12,98
587,12,98
588,12,98
589,12,99
590,12,99
591,12,99
592,12,99
593,12,99
594,12,99
595,12,100
596,12,100
597,12,100
598,12,100
599,12,100
600,12,100
601,13,101
602,13,101
603,13,101
604,13,101
605,13,101
606,13,101
607,13,102
608,13,102
609,13,102
610,13,102
611,13,102
612,13,102
613,13,103
614,13,103
615,13,103
616,13,103
617,13,103
618,13,103
619,13,104
620,13,104
621,13,104
622,13,104
623,13,104
624,13,104
625,13,105
626,13,105
627,13,105
628,13,105
629,13,105
630,13,105
631,13,106
632,13,106
633,13,106
634,13,106
635,13,106
636,13,106
637,13,107
638,13,107
639,13,107
640,13,107
641,13,107
642,13,107
643,13,108
644,13,108
645,13,108
646,13,108
647,13,108
648,13,108
649,13,109
650,13,109
651,14,109
652,14,109
653,14,109
654,14,109
655,14,110
656,14,110
657,14,110
658,14,110
659,14,110
660,14,110
661,14,111
662,14,111
663,14,111
664,14,111
665,14,111
666,14,111
667,14,112
668,14,112
669,14,112
670,14,112
671,14,112
672,14,112
673,14,113
674,14,113
675,14,113
676,14,113
677,14,113
678,14,113
679,14,114
680,14,114
681,14,114
682,14,114
683,14,114
684,14,114
685,14,115
686,14,115
687,14,115
688,14,115
689,14,115
690,14,115
691,14,116
692,14,116
693,14,116
694,14,116
695,14,116
696,14,116
697,14,117
698,14,117
699,14,117
700,14,117
701,15,117
702,15,117
703,15,118
704,15,118
705,15,118
706,15,118
707,15,118
708,15,118
709,15,119
710,15,119
711,15,119
712,15,119
713,15,119
714,15,119
715,15,120
716,15,120
717,15,120
718,15,120
719,15,120
720,15,120
721,15,121
722,15,121
723,15,121
724,15,121
725,15,121
726,15,121
727,15,122
728,15,122
729,15,122
730,15,122
731,15,122
732,15,122
733,15,123
734,15,123
735,15,123
736,15,123
737,15,123
738,15,123
739,15,124
740,15,124
741,15,124
742,15,124
743,15,124
744,15,124
745,15,125
746,15,125
747,15,125
748,15,125
749,15,125
750,15,125
751,16,126
752,16,126
753,16,126
754,16,126
755,16,126
756,16,126
757,16,127
758,16,127
759,16,127
760,16,127
761,16,127
762,16,127
763,16,128
764,16,128
765,16,128
766,16,128
767,16,128
768,16,128
769,16,129
770,16,129
771,16,129
772,16,129
773,16,129
774,16,129
775,16,130
776,16,130
777,16,130
778,16,130
779,16,130
780,16,130
781,16,131
782,16,131
783,16,131
784,16,131
785,16,131
786,16,131
787,16,132
788,16,132
789,16,132
790,16,132
791,16,132
792,16,132
793,16,133
794,16,133
795,16,133
796,16,133
797,16,133
798,16,133
799,16,134
800,16,134
801,17,134
802,17,134
803,17,134
804,17,134
805,17,135
806,17,135
807,17,135
808,17,135
809,17,135
810,17,135
811,17,136
812,17,136
813,17,136
814,17,136
815,17,136
816,17,136
817,17,137
818,17,137
819,17,137
820,17,137
821,17,137
822,17,137
823,17,138
824,17,138
825,17,138
826,17,138
827,17,138
828,17,138
829,17,139
830,17,139
831,17,139
832,17,139
833,17,139
834,17,139
835,17,140
836,17,140
837,17,140
838,17,140
839,17,140
840,17,140
841,17,141
842,17,141
843,17,141
844,17,141
845,17,141
846,17,141
847,17,142
848,17,142
849,17,142
850,17,142
851,18,142
852,18,142
853,18,143
854,18,143
855,18,143
856,18,143
857,18,143
858,18,143
859,18,144
860,18,144
861,18,144
862,18,144
863,18,144
864,18,144
865,18,145
866,18,145
867,18,145
868,18,145
869,18,145
870,18,145
871,18,146
872,18,146
873,18,146
874,18,146
875,18,146
876,18,146
877,18,147
878,18,147
879,18,147
880,18,147
881,18,147
882,18,147
883,18,148
884,18,148
885,18,148
886,18,148
887,18,148
888,18,148
889,18,149
890,18,149
891,18,149
892,18,149
893,18,149
894,18,149
895,18,150
896,18,150
897,18,150
898,18,150
899,18,150
900,18,150
901,19,151
902,19,151
903,19,151
904,19,151
905,19,151
906,19,151
907,19,152
908,19,152
909,19,152
910,19,152
911,19,152
912,19,152
913,19,153
914,19,153
915,19,153
916,19,153
917,19,153
918,19,153
919,19,154
920,19,154
921,19,154
922,19,154
923,19,154
924,19,154
925,19,155
926,19,155
927,19,155
928,19,155
929,19,155
930,19,155
931,19,156
932,19,156
933,19,156
934,19,156
935,19,156
936,19,156
937,19,157
938,19,157
939,19,157
940,19,157
941,19,157
942,19,157
943,19,158
944,19,158
945,19,158
946,19,158
947,19,158
948,19,158
949,19,159
950,19,159
951,20,159
952,20,159
953,20,159
954,20,159
955,20,160
956,20,160
957,20,160
958,20,160
959,20,160
960,20,160
961,20,161
962,20,161
963,20,161
964,20,161
965,20,161
966,20,161
967,20,162
968,20,162
969,20,162
970,20,162
971,20,162
972,20,162
973,20,163
974,20,163
975,20,163
976,20,163
977,20,163
978,20,163
979,20,164
980,20,164
981,20,164
982,20,164
983,20,164
984,20,164
985,20,165
986,20,165
987,20,165
988,20,165
989,20,165
990,20,165
991,20,166
992,20,166
993,20,166
994,20,166
995,20,166
996,20,166
997,20,167
998,20,167
999,20,167
1000,20,167
1001,21,167
1002,21,167
1003,21,168
1004,21,168
1005,21,168
1006,21,168
1007,21,168
1008,21,168
1009,21,169
1010,21,169
1011,21,169
1012,21,169
1013,21,169
1014,21,169
1015,21,170
1016,21,170
1017,21,170
1018,21,170
1019,21,170
1020,21,170
1021,21,171
1022,21,171
1023,21,171
1024,21,171
1025,21,171
1026,21,171
1027,21,172
1028,21,172
1029,21,172
1030,21,172
1031,21,172
1032,21,172
1033,21,173
1034,21,173
1035,21,173
1036,21,173
1037,21,173
1038,21,173
1039,21,174
1040,21,174
1041,21,174
1042,21,174
1043,21,174
1044,21,174
1045,21,175
1046,21,175
1047,21,175
1048,21,175
1049,21,175
1050,21,175
1051,22,176
1052,22,176
1053,22,176
1054,22,176
1055,22,176
1056,22,176
1057,22,177
1058,22,177
1059,22,177
1060,22,177
1061,22,177
1062,22,177
1063,22,178
1064,22,178
1065,22,178
1066,22,178
1067,22,178
1068,22,178
1069,22,179
1070,22,179
1071,22,179
1072,22,179
1073,22,179
1074,22,179
1075,22,180
1076,22,180
1077,22,180
1078,22,180
1079,22,180
1080,22,180
1081,22,181
1082,22,181
1083,22,181
1084,22,181
1085,22,181
1086,22,181
1087,22,182
1088,22,182
1089,22,182
1090,22,182
1091,22,182
1092,22,182
1093,22,183
1094,22,183
1095,22,183
1096,22,183
1097,22,183
1098,22,183
1099,22,184
1100,22,184
1101,23,184
1102,23,184
1103,23,184
1104,23,184
1105,23,185
1106,23,185
1107,23,185
1108,23,185
1109,23,185
1110,23,185
1111,23,186
1112,23,186
1113,23,186
1114,23,186
1115,23,186
1116,23,186
1117,23,187
1118,23,187
1119,23,187
1120,23,187
1121,23,187
1122,23,187
1123,23,188
1124,23,188
1125,23,188
1126,23,188
1127,23,188
1128,23,188
1129,23,189
1130,23,189
1131,23,189
1132,23,189
1133,23,189
1134,23,189
1135,23,190
1136,23,190
1137,23,190
1138,23,190
1139,23,190
1140,23,190
1141,23,191
1142,23,191
1143,23,191
1144,23,191
1145,23,191
1146,23,191
1147,23,192
1148,23,192
1149,23,192
1150,23,192
1151,24,192
1152,24,192
1153,24,193
1154,24,193
1155,24,193
1156,24,193
1157,24,193
1158,24,193
1159,24,194
1160,24,194
1161,24,194
1162,24,194
1163,24,194
1164,24,194
1165,24,195
1166,24,195
1167,24,195
1168,24,195
1169,24,195
1170,24,195
1171,24,196
1172,24,196
1173,24,196
1174,24,196
1175,24,196
1176,24,196
1177,24,197
1178,24,197
1179,24,197
1180,24,197
1181,24,197
1182,24,197
1183,24,198
1184,24,198
1185,24,198
1186,24,198
1187,24,198
1188,24,198
1189,24,199
1190,24,199
1191,24,199
1192,24,199
1193,24,199
1194,24,199
1195,24,200
1196,24,200
1197,24,200
1198,24,200
1199,24,200
1200,24,200
1201,25,201
1202,25,201
1203,25,201
1204,25,201
1205,25,201
1206,25,201
1207,25,202
1208,25,202
1209,25,202
1210,25,202
1211,25,202
1212,25,202
1213,25,203
1214,25,203
1215,25,203
1216,25,203
1217,25,203
1218,25,203
1219,25,204
1220,25,204
1221,25,204
1222,25,204
1223,25,204
1224,25,204
1225,25,205
1226,25,205
1227,25,205
1228,25,205
1229,25,205
1230,25,205
1231,25,206
1232,25,206
1233,25,206
1234,25,206
1235,25,206
1236,25,206
1237,25,207
1238,25,207
1239,25,207
1240,25,207
1241,25,207
1242,25,207
1243,25,208
1244,25,208
1245,25,208
1246,25,208
1247,25,208
1248,25,208
1249,25,209
1250,25,209
1251,26,209
1252,26,209
1253,26,209
1254,26,209
1255,26,210
1256,26,210
1257,26,210
1258,26,210
1259,26,210
1260,26,210
1261,26,211
1262,26,211
1263,26,211
1264,26,211
1265,26,211
1266,26,211
1267,26,212
1268,26,212
1269,26,212
1270,26,212
1271,26,212
1272,26,212
1273,26,213
1274,26,213
1275,26,213
1276,26,213
1277,26,213
1278,26,213
1279,26,214
1280,26,214
1281,26,214
1282,26,214
1283,26,214
1284,26,214
1285,26,215
1286,26,215
1287,26,215
1288,26,215
1289,26,215
1290,26,215
1291,26,216
1292,26,216
1293,26,216
1294,26,216
1295,26,216
1296,26,216
1297,26,217
1298,26,217
1299,26,217
1300,26,217
1301,27,217
1302,27,217
1303,27,218
1304,27,218
1305,27,218
1306,27,218
1307,27,218
1308,27,218
1309,27,219
1310,27,219
1311,27,219
1312,27,219
1313,27,219
1314,27,219
1315,27,220
1316,27,220
1317,27,220
1318,27,220
1319,27,220
1320,27,220
1321,27,221
1322,27,221
1323,27,221
1324,27,221
1325,27,221
1326,27,221
1327,27,222
1328,27,222
1329,27,222
1330,27,222
1331,27,222
1332,27,222
1333,27,223
1334,27,223
1335,27,223
1336,27,223
1337,27,223
1338,27,223
1339,27,224
1340,27,224
1341,27,224
1342,27,224
1343,27,224
1344,27,224
1345,27,225
1346,27,225
1347,27,225
1348,27,225
1349,27,225
1350,27,225
1351,28,226
1352,28,226
1353,28,226
1354,28,226
1355,28,226
1356,28,226
1357,28,227
1358,28,227
1359,28,227
1360,28,227
1361,28,227
1362,28,227
1363,28,228
1364,28,228
1365,28,228
1366,28,228
1367,28,228
1368,28,228
1369,28,229
1370,28,229
1371,28,229
1372,28,229
1373,28,229
1374,28,229
1375,28,230
1376,28,230
1377,28,230
1378,28,230
1379,28,230
1380,28,230
1381,28,231
1382,28,231
1383,28,231
1384,28,231
1385,28,231
1386,28,231
1387,28,232
1388,28,232
1389,28,232
1390,28,232
1391,28,232
1392,28,232
1393,28,233
1394,28,233
1395,28,233
1396,28,233
1397,28,233
1398,28,233
1399,28,234
1400,28,234
1401,29,234
1402,29,234
1403,29,234
1404,29,234
1405,29,235
1406,29,235
1407,29,235
1408,29,235
1409,29,235
1410,29,235
1411,29,236
1412,29,236
1413,29,236
1414,29,236
1415,29,236
1416,29,236
1417,29,237
1418,29,237
1419,29,237
1420,29,237
1421,29,237
1422,29,237
1423,29,238
1424,29,238
1425,29,238
1426,29,238
1427,29,238
1428,29,238
1429,29,239
1430,29,239
1431,29,239
1432,29,239
1433,29,239
1434,29,239
1435,29,240
1436,29,240
1437,29,240
1438,29,240
1439,29,240
1440,29,240
1441,29,241
1442,29,241
1443,29,241
1444,29,241
1445,29,241
1446,29,241
1447,29,242
1448,29,242
1449,29,242
1450,29,242
1451,30,242
1452,30,242
1453,30,243
1454,30,243
1455,30,243
1456,30,243
1457,30,243
1458,30,243
1459,30,244
1460,30,244
1461,30,244
1462,30,244
1463,30,244
1464,30,244
1465,30,245
1466,30,245
1467,30,245
1468,30,245
1469,30,245
1470,30,245
1471,30,246
1472,30,246
1473,30,246
1474,30,246
1475,30,246
1476,30,246
1477,30,247
1478,30,247
1479,30,247
1480,30,247
1481,30,247
1482,30,247
1483,30,248
1484,30,248
1485,30,248
1486,30,248
1487,30,248
1488,30,248
1489,30,249
1490,30,249
1491,30,249
1492,30,249
1493,30,249
1494,30,249
1495,30,250
1496,30,250
1497,30,250
1498,30,250
1499,30,250
1500,30,250
1501,31,251
1502,31,251
1503,31,251
1504,31,251
1505,31,251
1506,31,251
1507,31,252
1508,31,252
1509,31,252
1510,31,252
1511,31,252
1512,31,252
1513,31,253
1514,31,253
1515,31,253
1516,31,253
1517,31,253
1518,31,253
1519,31,254
1520,31,254
1521,31,254
1522,31,254
1523,31,254
1524,31,254
1525,31,255
1526,31,255
1527,31,255
1528,31,255
1529,31,255
1530,31,255
1531,31,256
1532,31,256
1533,31,256
1534,31,256
1535,31,256
1536,31,256
1537,31,257
1538,31,257
1539,31,257
1540,31,257
1541,31,257
1542,31,257
1543,31,258
1544,31,258
1545,31,258
1546,31,258
1547,31,258
1548,31,258
1549,31,259
1550,31,259
1551,32,259
1552,32,259
1553,32,259
1554,32,259
1555,32,260
1556,32,260
1557,32,260
1558,32,260
1559,32,260
1560,32,260
1561,32,261
1562,32,261
1563,32,261
1564,32,261
1565,32,261
1566,32,261
1567,32,262
1568,32,262
1569,32,262
1570,32,262
1571,32,262
1572,32,262
1573,32,263
1574,32,263
1575,32,263
1576,32,263
1577,32,263
1578,32,263
1579,32,264
1580,32,264
1581,32,264
1582,32,264
1583,32,264
1584,32,264
1585,32,265
1586,32,265
1587,32,265
1588,32,265
1589,32,265
1590,32,265
1591,32,266
1592,32,266
1593,32,266
1594,32,266
1595,32,266
1596,32,266
1597,32,267
1598,32,267
1599,32,267
1600,32,267
1601,33,267
1602,33,267
1603,33,268
1604,33,268
1605,33,268
1606,33,268
1607,33,268
1608,33,268
1609,33,269
1610,33,269
1611,33,269
1612,33,269
1613,33,269
1614,33,269
1615,33,270
1616,33,270
1617,33,270
1618,33,270
1619,33,270
1620,33,270
1621,33,271
1622,33,271
1623,33,271
1624,33,271
1625,33,271
1626,33,271
1627,33,272
1628,33,272
1629,33,272
1630,33,272
1631,33,272
1632,33,272
1633,33,273
1634,33,273
1635,33,273
1636,33,273
1637,33,273
1638,33,273
1639,33,274
1640,33,274
1641,33,274
1642,33,274
1643,33,274
1644,33,274
1645,33,275
1646,33,275
1647,33,275
1648,33,275
1649,33,275
1650,33,275
1651,34,276
1652,34,276
1653,34,276
1654,34,276
1655,34,276
1656,34,276
1657,34,277
1658,34,277
1659,34,277
1660,34,277
1661,34,277
1662,34,277
1663,34,278
1664,34,278
1665,34,278
1666,34,278
1667,34,278
1668,34,278
1669,34,279
1670,34,279
1671,34,279
1672,34,279
1673,34,279
1674,34,279
1675,34,280
1676,34,280
1677,34,280
1678,34,280
1679,34,280
1680,34,280
1681,34,281
1682,34,281
1683,34,281
1684,34,281
1685,34,281
1686,34,281
1687,34,282
1688,34,282
1689,34,282
1690,34,282
1691,34,282
1692,34,282
1693,34,283
1694,34,283
1695,34,283
1696,34,283
1697,34,283
1698,34,283
1699,34,284
1700,34,284
1701,35,284
1702,35,284
1703,35,284
1704,35,284
1705,35,285
1706,35,285
1707,35,285
1708,35,285
1709,35,285
1710,35,285
1711,35,286
1712,35,286
1713,35,286
1714,35,286
1715,35,286
1716,35,286
1717,35,287
1718,35,287
1719,35,287
1720,35,287
1721,35,287
1722,35,287
1723,35,288
1724,35,288
1725,35,288
1726,35,288
1727,35,288
1728,35,288
1729,35,289
1730,35,289
1731,35,289
1732,35,289
1733,35,289
1734,35,289
1735,35,290
1736,35,290
1737,35,290
1738,35,290
1739,35,290
1740,35,290
1741,35,291
1742,35,291
1743,35,291
1744,35,291
1745,35,291
1746,35,291
1747,35,292
1748,35,292
1749,35,292
1750,35,292
1751,36,292
1752,36,292
1753,36,293
1754,36,293
1755,36,293
1756,36,293
1757,36,293
1758,36,293
1759,36,294
1760,36,294
1761,36,294
1762,36,294
1763,36,294
1764,36,294
1765,36,295
1766,36,295
1767,36,295
1768,36,295
1769,36,295
1770,36,295
1771,36,296
1772,36,296
1773,36,296
1774,36,296
1775,36,296
1776,36,296
1777,36,297
1778,36,297
1779,36,297
1780,36,297
1781,36,297
1782,36,297
1783,36,298
1784,36,298
1785,36,298
1786,36,298
1787,36,298
1788,36,298
1789,36,299
1790,36,299
1791,36,299
1792,36,299
1793,36,299
1794,36,299
1795,36,300
1796,36,300
1797,36,300
1798,36,300
1799,36,300
1800,36,300
1801,37,301
1802,37,301
1803,37,301
1804,37,301
1805,37,301
1806,37,301
1807,37,302
1808,37,302
1809,37,302
1810,37,302
1811,37,302
1812,37,302
1813,37,303
1814,37,303
1815,37,303
1816,37,303
1817,37,303
1818,37,303
1819,37,304
1820,37,304
1821,37,304
1822,37,304
1823,37,304
1824,37,304
1825,37,305
1826,37,305
1827,37,305
1828,37,305
1829,37,305
1830,37,305
1831,37,306
1832,37,306
1833,37,306
1834,37,306
1835,37,306
1836,37,306
1837,37,307
1838,37,307
1839,37,307
1840,37,307
1841,37,307
1842,37,307
1843,37,308
1844,37,308
1845,37,308
1846,37,308
1847,37,308
1848,37,308
1849,37,309
1850,37,309
1851,38,309
1852,38,309
1853,38,309
1854,38,309
1855,38,310
1856,38,310
1857,38,310
1858,38,310
1859,38,310
1860,38,310
1861,38,311
1862,38,311
1863,38,311
1864,38,311
1865,38,311
1866,38,311
1867,38,312
1868,38,312
1869,38,312
1870,38,312
1871,38,312
1872,38,312
1873,38,313
1874,38,313
1875,38,313
1876,38,313
1877,38,313
1878,38,313
1879,38,314
1880,38,314
1881,38,314
1882,38,314
1883,38,314
1884,38,314
1885,38,315
1886,38,315
1887,38,315
1888,38,315
1889,38,315
1890,38,315
1891,38,316
1892,38,316
1893,38,316
1894,38,316
1895,38,316
1896,38,316
1897,38,317
1898,38,317
1899,38,317
1900,38,317
1901,39,317
1902,39,317
1903,39,318
1904,39,318
1905,39,318
1906,39,318
1907,39,318
1908,39,318
1909,39,319
1910,39,319
1911,39,319
1912,39,319
1913,39,319
1914,39,319
1915,39,320
1916,39,320
1917,39,320
1918,39,320
1919,39,320
1920,39,320
1921,39,321
1922,39,321
1923,39,321
1924,39,321
1925,39,321
1926,39,321
1927,39,322
1928,39,322
1929,39,322
1930,39,322
1931,39,322
1932,39,322
1933,39,323
1934,39,323
1935,39,323
1936,39,323
1937,39,323
1938,39,323
1939,39,324
1940,39,324
1941,39,324
1942,39,324
1943,39,324
1944,39,324
1945,39,325
1946,39,325
1947,39,325
1948,39,325
1949,39,325
1950,39,325
1951,40,326
1952,40,326
1953,40,326
1954,40,326
1955,40,326
1956,40,326
1957,40,327
1958,40,327
1959,40,327
1960,40,327
1961,40,327
1962,40,327
1963,40,328
1964,40,328
1965,40,328
1966,40,328
1967,40,328
1968,40,328
1969,40,329
1970,40,329
1971,40,329
1972,40,329
1973,40,329
1974,40,329
1975,40,330
1976,40,330
1977,40,330
1978,40,330
1979,40,330
1980,40,330
1981,40,331
1982,40,331
1983,40,331
1984,40,331
1985,40,331
1986,40,331
1987,40,332
1988,40,332
1989,40,332
1990,40,332
1991,40,332
1992,40,332
1993,40,333
1994,40,333
1995,40,333
1996,40,333
1997,40,333
1998,40,333
1999,40,334
2000,40,334
2001,41,334
2002,41,334
2003,41,334
2004,41,334
2005,41,335
2006,41,335
2007,41,335
2008,41,335
2009,41,335
2010,41,335
2011,41,336
2012,41,336
2013,41,336
2014,41,336
2015,41,336
2016,41,336
2017,41,337
2018,41,337
2019,41,337
2020,41,337
2021,41,337
2022,41,337
2023,41,338
2024,41,338
2025,41,338
2026,41,338
2027,41,338
2028,41,338
2029,41,339
2030,41,339
2031,41,339
2032,41,339
2033,41,339
2034,41,339
2035,41,340
2036,41,340
2037,41,340
2038,41,340
2039,41,340
2040,41,340
2041,41,341
2042,41,341
2043,41,341
2044,41,341
2045,41,341
2046,41,341
2047,41,342
2048,41,342
2049,41,342
2050,41,342
2051,42,342
2052,42,342
2053,42,343
2054,42,343
2055,42,343
2056,42,343
2057,42,343
2058,42,343
2059,42,344
2060,42,344
2061,42,344
2062,42,344
2063,42,344
2064,42,344
2065,42,345
2066,42,345
2067,42,345
2068,42,345
2069,42,345
2070,42,345
2071,42,346
2072,42,346
2073,42,346
2074,42,346
2075,42,346
2076,42,346
2077,42,347
2078,42,347
2079,42,347
2080,42,347
2081,42,347
2082,42,347
2083,42,348
2084,42,348
2085,42,348
2086,42,348
2087,42,348
2088,42,348
2089,42,349
2090,42,349
2091,42,349
2092,42,349
2093,42,349
2094,42,349
2095,42,350
2096,42,350
2097,42,350
2098,42,350
2099,42,350
2100,42,350
2101,43,351
2102,43,351
2103,43,351
2104,43,351
2105,43,351
2106,43,351
2107,43,352
2108,43,352
2109,43,352
2110,43,352
2111,43,352
2112,43,352
2113,43,353
2114,43,353
2115,43,353
2116,43,353
2117,43,353
2118,43,353
2119,43,354
2120,43,354
2121,43,354
2122,43,354
2123,43,354
2124,43,354
2125,43,355
2126,43,355
2127,43,355
2128,43,355
2129,43,355
2130,43,355
2131,43,356
2132,43,356
2133,43,356
2134,43,356
2135,43,356
2136,43,356
2137,43,357
2138,43,357
2139,43,357
2140,43,357
2141,43,357
2142,43,357
2143,43,358
2144,43,358
2145,43,358
2146,43,358
2147,43,358
2148,43,358
2149,43,359
2150,43,359
2151,44,359
2152,44,359
2153,44,359
2154,44,359
2155,44,360
2156,44,360
2157,44,360
2158,44,360
2159,44,360
2160,44,360
2161,44,361
2162,44,361
2163,44,361
2164,44,361
2165,44,361
2166,44,361
2167,44,362
2168,44,362
2169,44,362
2170,44,362
2171,44,362
2172,44,362
2173,44,363
2174,44,363
2175,44,363
2176,44,363
2177,44,363
2178,44,363
2179,44,364
2180,44,364
2181,44,364
2182,44,364
2183,44,364
2184,44,364
2185,44,365
2186,44,365
2187,44,365
2188,44,365
2189,44,365
2190,44,365
2191,44,366
2192,44,366
2193,44,366
2194,44,366
2195,44,366
2196,44,366
2197,44,367
2198,44,367
2199,44,367
2200,44,367
2201,45,367
2202,45,367
2203,45,368
2204,45,368
2205,45,368
2206,45,368
2207,45,368
2208,45,368
2209,45,369
2210,45,369
2211,45,369
2212,45,369
2213,45,369
2214,45,369
2215,45,370
2216,45,370
2217,45,370
2218,45,370
2219,45,370
2220,45,370
2221,45,371
2222,45,371
2223,45,371
2224,45,371
2225,45,371
2226,45,371
2227,45,372
2228,45,372
2229,45,372
2230,45,372
2231,45,372
2232,45,372
2233,45,373
2234,45,373
2235,45,373
2236,45,373
2237,45,373
2238,45,373
2239,45,374
2240,45,374
2241,45,374
2242,45,374
2243,45,374
2244,45,374
2245,45,375
2246,45,375
2247,45,375
2248,45,375
2249,45,375
2250,45,375
2251,46,376
2252,46,376
2253,46,376
2254,46,376
2255,46,376
2256,46,376
2257,46,377
2258,46,377
2259,46,377
2260,46,377
2261,46,377
2262,46,377
2263,46,378
2264,46,378
2265,46,378
2266,46,378
2267,46,378
2268,46,378
2269,46,379
2270,46,379
2271,46,379
2272,46,379
2273,46,379
2274,46,379
2275,46,380
2276,46,380
2277,46,380
2278,46,380
2279,46,380
2280,46,380
2281,46,381
2282,46,381
2283,46,381
2284,46,381
2285,46,381
2286,46,381
2287,46,382
2288,46,382
2289,46,382
2290,46,382
2291,46,382
2292,46,382
2293,46,383
2294,46,383
2295,46,383
2296,46,383
2297,46,383
2298,46,383
2299,46,384
2300,46,384
2301,47,384
2302,47,384
2303,47,384
2304,47,384
2305,47,385
2306,47,385
2307,47,385
2308,47,385
2309,47,385
2310,47,385
2311,47,386
2312,47,386
2313,47,386
2314,47,386
2315,47,386
2316,47,386
2317,47,387
2318,47,387
2319,47,387
2320,47,387
2321,47,387
2322,47,387
2323,47,388
2324,47,388
2325,47,388
2326,47,388
2327,47,388
2328,47,388
2329,47,389
2330,47,389
2331,47,389
2332,47,389
2333,47,389
2334,47,389
2335,47,390
2336,47,390
2337,47,390
2338,47,390
2339,47,390
2340,47,390
2341,47,391
2342,47,391
2343,47,391
2344,47,391
2345,47,391
2346,47,391
2347,47,392
2348,47,392
2349,47,392
2350,47,392
2351,48,392
2352,48,392
2353,48,393
2354,48,393
2355,48,393
2356,48,393
2357,48,393
2358,48,393
2359,48,394
2360,48,394
2361,48,394
2362,48,394
2363,48,394
2364,48,394
2365,48,395
2366,48,395
2367,48,395
2368,48,395
2369,48,395
2370,48,395
2371,48,396
2372,48,396
2373,48,396
2374,48,396
2375,48,396
2376,48,396
2377,48,397
2378,48,397
2379,48,397
2380,48,397
2381,48,397
2382,48,397
2383,48,398
2384,48,398
2385,48,398
2386,48,398
2387,48,398
2388,48,398
2389,48,399
2390,48,399
2391,48,399
2392,48,399
2393,48,399
2394,48,399
2395,48,400
2396,48,400
2397,48,400
2398,48,400
2399,48,400
2400,48,400
2401,49,401
2402,49,401
2403,49,401
2404,49,401
2405,49,401
2406,49,401
2407,49,402
2408,49,402
2409,49,402
2410,49,402
2411,49,402
2412,49,402
2413,49,403
2414,49,403
2415,49,403
2416,49,403
2417,49,403
2418,49,403
2419,49,404
2420,49,404
2421,49,404
2422,49,404
2423,49,404
2424,49,404
2425,49,405
2426,49,405
2427,49,405
2428,49,405
2429,49,405
2430,49,405
2431,49,406
2432,49,406
2433,49,406
2434,49,406
2435,49,406
2436,49,406
2437,49,407
2438,49,407
2439,49,407
2440,49,407
2441,49,407
2442,49,407
2443,49,408
2444,49,408
2445,49,408
2446,49,408
2447,49,408
2448,49,408
2449,49,409
2450,49,409
2451,50,409
2452,50,409
2453,50,409
2454,50,409
2455,50,410
2456,50,410
2457,50,410
2458,50,410
2459,50,410
2460,50,410
2461,50,411
2462,50,411
2463,50,411
2464,50,411
2465,50,411
2466,50,411
2467,50,412
2468,50,412
2469,50,412
2470,50,412
2471,50,412
2472,50,412
2473,50,413
2474,50,413
2475,50,413
2476,50,413
2477,50,413
2478,50,413
2479,50,414
2480,50,414
2481,50,414
2482,50,414
2483,50,414
2484,50,414
2485,50,415
2486,50,415
2487,50,415
2488,50,415
2489,50,415
2490,50,415
2491,50,416
2492,50,416
2493,50,416
2494,50,416
2495,50,416
2496,50,416
2497,50,417
2498,50,417
2499,50,417
2500,50,417
2501,51,417
2502,51,417
2503,51,418
2504,51,418
2505,51,418
2506,51,418
2507,51,418
2508,51,418
2509,51,419
2510,51,419
2511,51,419
2512,51,419
2513,51,419
2514,51,419
2515,51,420
2516,51,420
2517,51,420
2518,51,420
2519,51,420
2520,51,420
2521,51,421
2522,51,421
2523,51,421
2524,51,421
2525,51,421
2526,51,421
2527,51,422
2528,51,422
2529,51,422
2530,51,422
2531,51,422
2532,51,422
2533,51,423
2534,51,423
2535,51,423
2536,52,423
2537,52,423
2538,52,423
2539,52,424
2540,52,424
2541,52,424
2542,52,424
2543,52,424
2544,52,424
2545,52,425
2546,52,425
2547,52,425
2548,52,425
2549,52,425
2550,52,425
2551,52,426
2552,52,426
2553,52,426
2554,52,426
2555,52,426
2556,52,426
2557,52,427
2558,52,427
2559,52,427
2560,52,427
2561,52,427
2562,52,427
2563,52,428
2564,52,428
2565,52,428
2566,52,428
2567,52,428
2568,52,428
2569,52,429
2570,52,429
2571,53,429
2572,53,429
2573,53,429
2574,53,429
2575,53,430
2576,53,430
2577,53,430
2578,53,430
2579,53,430
2580,53,430
2581,53,431
2582,53,431
2583,53,431
2584,53,431
2585,53,431
2586,53,431
2587,53,432
2588,53,432
2589,53,432
2590,53,432
2591,53,432
2592,53,432
2593,53,433
2594,53,433
2595,53,433
2596,53,433
2597,53,433
2598,53,433
2599,53,434
2600,53,434
2601,53,434
2602,53,434
2603,53,434
2604,53,434
2605,53,435
2606,54,435
2607,54,435
2608,54,435
2609,54,435
2610,54,435
2611,54,436
2612,54,436
2613,54,436
2614,54,436
2615,54,436
2616,54,436
2617,54,437
2618,54,437
2619,54,437
2620,54,437
2621,54,437
2622,54,437
2623,54,438
2624,54,438
2625,54,438
2626,54,438
2627,54,438
2628,54,438
2629,54,439
2630,54,439
2631,54,439
2632,54,439
2633,54,439
2634,54,439
2635,54,440
2636,54,440
2637,54,440
2638,54,440
2639,54,440
2640,54,440
2641,55,441
2642,55,441
2643,55,441
2644,55,441
2645,55,441
2646,55,441
2647,55,442
2648,55,442
2649,55,442
2650,55,442
2651,55,442
2652,55,442
2653,55,443
2654,55,443
2655,55,443
2656,55,443
2657,55,443
2658,55,443
2659,55,444
2660,55,444
2661,55,444
2662,55,444
2663,55,444
2664,55,444
2665,55,445
2666,55,445
2667,55,445
2668,55,445
2669,55,445
2670,55,445
2671,55,446
2672,55,446
2673,55,446
2674,55,446
2675,55,446
2676,56,446
2677,56,447
2678,56,447
2679,56,447
2680,56,447
2681,56,447
2682,56,447
2683,56,448
2684,56,448
2685,56,448
2686,56,448
2687,56,448
2688,56,448
2689,56,449
2690,56,449
2691,56,449
2692,56,449
2693,56,449
2694,56,449
2695,56,450
2696,56,450
2697,56,450
2698,56,450
2699,56,450
2700,56,450
2701,56,451
2702,56,451
2703,56,451
2704,56,451
2705,56,451
2706,56,451
2707,56,452
2708,56,452
2709,56,452
2710,56,452
2711,57,452
2712,57,452
2713,57,453
2714,57,453
2715,57,453
2716,57,453
2717,57,453
2718,57,453
2719,57,454
2720,57,454
2721,57,454
2722,57,454
2723,57,454
2724,57,454
2725,57,455
2726,57,455
2727,57,455
2728,57,455
2729,57,455
2730,57,455
2731,57,456
2732,57,456
2733,57,456
2734,57,456
2735,57,456
2736,57,456
2737,57,457
2738,57,457
2739,57,457
2740,57,457
2741,57,457
2742,57,457
2743,57,458
2744,57,458
2745,57,458
2746,58,458
2747,58,458
2748,58,458
2749,58,459
2750,58,459
2751,58,459
2752,58,459
2753,58,459
2754,58,459
2755,58,460
2756,58,460
2757,58,460
2758,58,460
2759,58,460
2760,58,460
2761,58,461
2762,58,461
2763,58,461
2764,58,461
2765,58,461
2766,58,461
2767,58,462
2768,58,462
2769,58,462
2770,58,462
2771,58,462
2772,58,462
2773,58,463
2774,58,463
2775,58,463
2776,58,463
2777,58,463
2778,58,463
2779,58,464
2780,58,464
2781,59,464
2782,59,464
2783,59,464
2784,59,464
2785,59,465
2786,59,465
2787,59,465
2788,59,465
2789,59,465
2790,59,465
2791,59,466
2792,59,466
2793,59,466
2794,59,466
2795,59,466
2796,59,466
2797,59,467
2798,59,467
2799,59,467
2800,59,467
2801,59,467
2802,59,467
2803,59,468
2804,59,468
2805,59,468
2806,59,468
2807,59,468
2808,59,468
2809,59,469
2810,59,469
2811,59,469
2812,59,469
2813,59,469
2814,59,469
2815,59,470
2816,60,470
2817,60,470
2818,60,470
2819,60,470
2820,60,470
2821,60,471
2822,60,471
2823,60,471
2824,60,471
2825,60,471
2826,60,471
2827,60,472
2828,60,472
2829,60,472
2830,60,472
2831,60,472
2832,60,472
2833,60,473
2834,60,473
2835,60,473
2836,60,473
2837,60,473
2838,60,473
2839,60,474
2840,60,474
2841,60,474
2842,60,474
2843,60,474
2844,60,474
2845,60,475
2846,60,475
2847,60,475
2848,60,475
2849,60,475
2850,60,475
2851,61,476
2852,61,476
2853,61,476
2854,61,476
2855,61,476
2856,61,476
2857,61,477
2858,61,477
2859,61,477
2860,61,477
2861,61,477
2862,61,477
2863,61,478
2864,61,478
2865,61,478
2866,61,478
2867,61,478
2868,61,478
2869,61,479
2870,61,479
2871,61,479
2872,61,479
2873,61,479
2874,61,479
2875,61,480
2876,61,480
2877,61,480
2878,61,480
2879,61,480
2880,61,480
2881,61,481
2882,61,481
2883,61,481
2884,61,481
2885,61,481
2886,62,481
2887,62,482
2888,62,482
2889,62,482
2890,62,482
2891,62,482
2892,62,482
2893,62,483
2894,62,483
2895,62,483
2896,62,483
2897,62,483
2898,62,483
2899,62,484
2900,62,484
2901,62,484
2902,62,484
2903,62,484
2904,62,484
2905,62,485
2906,62,485
2907,62,485
2908,62,485
2909,62,485
2910,62,485
2911,62,486
2912,62,486
2913,62,486
2914,62,486
2915,62,486
2916,62,486
2917,62,487
2918,62,487
2919,62,487
2920,62,487
2921,63,487
2922,63,487
2923,63,488
2924,63,488
2925,63,488
2926,63,488
2927,63,488
2928,63,488
2929,63,489
2930,63,489
2931,63,489
2932,63,489
2933,63,489
2934,63,489
2935,63,490
2936,63,490
2937,63,490
2938,63,490
2939,63,490
2940,63,490
2941,63,491
2942,63,491
2943,63,491
2944,63,491
2945,63,491
2946,63,491
2947,63,492
2948,63,492
2949,63,492
2950,63,492
2951,63,492
2952,63,492
2953,63,493
2954,63,493
2955,63,493
2956,64,493
2957,64,493
2958,64,493
2959,64,494
2960,64,494
2961,64,494
2962,64,494
2963,64,494
2964,64,494
2965,64,495
2966,64,495
2967,64,495
2968,64,495
2969,64,495
2970,64,495
2971,64,496
2972,64,496
2973,64,496
2974,64,496
2975,64,496
2976,64,496
2977,64,497
2978,64,497
2979,64,497
2980,64,497
2981,64,497
2982,64,497
2983,64,498
2984,64,498
2985,64,498
2986,64,498
2987,64,498
2988,64,498
2989,64,499
2990,64,499
2991,65,499
2992,65,499
2993,65,499
2994,65,499
2995,65,500
2996,65,500
2997,65,500
2998,65,500
2999,65,500
3000,65,500
3001,65,501
3002,65,501
3003,65,501
3004,65,501
3005,65,501
3006,65,501
3007,65,502
3008,65,502
3009,65,502
3010,65,502
3011,65,502
3012,65,502
3013,65,503
3014,65,503
3015,65,503
3016,65,503
3017,65,503
3018,65,503
3019,65,504
3020,65,504
3021,65,504
3022,65,504
3023,65,504
3024,65,504
3025,65,505
3026,66,505
3027,66,505
3028,66,505
3029,66,505
3030,66,505
3031,66,506
3032,66,506
3033,66,506
3034,66,506
3035,66,506
3036,66,506
3037,66,507
3038,66,507
3039,66,507
3040,66,507
3041,66,507
3042,66,507
3043,66,508
3044,66,508
3045,66,508
3046,66,508
3047,66,508
3048,66,508
3049,66,509
3050,66,509
3051,66,509
3052,66,509
3053,66,509
3054,66,509
3055,66,510
3056,66,510
3057,66,510
3058,66,510
3059,66,510
3060,66,510
3061,67,511
3062,67,511
3063,67,511
3064,67,511
3065,67,511
3066,67,511
3067,67,512
3068,67,512
3069,67,512
3070,67,512
3071,67,512
3072,67,512
3073,67,513
3074,67,513
3075,67,513
3076,67,513
3077,67,513
3078,67,513
3079,67,514
3080,67,514
3081,67,514
3082,67,514
3083,67,514
3084,67,514
3085,67,515
3086,67,515
3087,67,515
3088,67,515
3089,67,515
3090,67,515
3091,67,516
3092,67,516
3093,67,516
3094,67,516
3095,67,516
3096,68,516
3097,68,517
3098,68,517
3099,68,517
3100,68,517
3101,68,517
3102,68,517
3103,68,518
3104,68,518
3105,68,518
3106,68,518
3107,68,518
3108,68,518
3109,68,519
3110,68,519
3111,68,519
3112,68,519
3113,68,519
3114,68,519
3115,68,520
3116,68,520
3117,68,520
3118,68,520
3119,68,520
3120,68,520
3121,68,521
3122,68,521
3123,68,521
3124,68,521
3125,68,521
3126,68,521
3127,68,522
3128,68,522
3129,68,522
3130,68,522
3131,69,522
3132,69,522
3133,69,523
3134,69,523
3135,69,523
3136,69,523
3137,69,523
3138,69,523
3139,69,524
3140,69,524
3141,69,524
3142,69,524
3143,69,524
3144,69,524
3145,69,525
3146,69,525
3147,69,525
3148,69,525
3149,69,525
3150,69,525
3151,69,526
3152,69,526
3153,69,526
3154,69,526
3155,69,526
3156,69,526
3157,69,527
3158,69,527
3159,69,527
3160,69,527
3161,69,527
3162,69,527
3163,69,528
3164,69,528
3165,69,528
3166,70,528
3167,70,528
3168,70,528
3169,70,529
3170,70,529
3171,70,529
3172,70,529
3173,70,529
3174,70,529
3175,70,530
3176,70,530
3177,70,530
3178,70,530
3179,70,530
3180,70,530
3181,70,531
3182,70,531
3183,70,531
3184,70,531
3185,70,531
3186,70,531
3187,70,532
3188,70,532
3189,70,532
3190,70,532
3191,70,532
3192,70,532
3193,70,533
3194,70,533
3195,70,533
3196,70,533
3197,70,533
3198,70,533
3199,70,534
3200,70,534
3201,71,534
3202,71,534
3203,71,534
3204,71,534
3205,71,535
3206,71,535
3207,71,535
3208,71,535
3209,71,535
3210,71,535
3211,71,536
3212,71,536
3213,71,536
3214,71,536
3215,71,536
3216,71,536
3217,71,537
3218,71,537
3219,71,537
3220,71,537
3221,71,537
3222,71,537
3223,71,538
3224,71,538
3225,71,538
3226,71,538
3227,71,538
3228,71,538
3229,71,539
3230,71,539
3231,71,539
3232,71,539
3233,71,539
3234,71,539
3235,71,540
3236,72,540
3237,72,540
3238,72,540
3239,72,540
3240,72,540
3241,72,541
3242,72,541
3243,72,541
3244,72,541
3245,72,541
3246,72,541
3247,72,542
3248,72,542
3249,72,542
3250,72,542
3251,72,542
3252,72,542
3253,72,543
3254,72,543
3255,72,543
3256,72,543
3257,72,543
3258,72,543
3259,72,544
3260,72,544
3261,72,544
3262,72,544
3263,72,544
3264,72,544
3265,72,545
3266,72,545
3267,72,545
3268,72,545
3269,72,545
3270,72,545
3271,73,546
3272,73,546
3273,73,546
3274,73,546
3275,73,546
3276,73,546
3277,73,547
3278,73,547
3279,73,547
3280,73,547
3281,73,547
3282,73,547
3283,73,548
3284,73,548
3285,73,548
3286,73,548
3287,73,548
3288,73,548
3289,73,549
3290,73,549
3291,73,549
3292,73,549
3293,73,549
3294,73,549
3295,73,550
3296,73,550
3297,73,550
3298,73,550
3299,73,550
3300,73,550
3301,73,551
3302,73,551
3303,73,551
3304,73,551
3305,73,551
3306,74,551
3307,74,552
3308,74,552
3309,74,552
3310,74,552
3311,74,552
3312,74,552
3313,74,553
3314,74,553
3315,74,553
3316,74,553
3317,74,553
3318,74,553
3319,74,554
3320,74,554
3321,74,554
3322,74,554
3323,74,554
3324,74,554
3325,74,555
3326,74,555
3327,74,555
3328,74,555
3329,74,555
3330,74,555
3331,74,556
3332,74,556
3333,74,556
3334,74,556
3335,74,556
3336,74,556
3337,74,557
3338,74,557
3339,74,557
3340,74,557
3341,75,557
3342,75,557
3343,75,558
3344,75,558
3345,75,558
3346,75,558
3347,75,558
3348,75,558
3349,75,559
3350,75,559
3351,75,559
3352,75,559
3353,75,559
3354,75,559
3355,75,560
3356,75,560
3357,75,560
3358,75,560
3359,75,560
3360,75,560
3361,75,561
3362,75,561
3363,75,561
3364,75,561
3365,75,561
3366,75,561
3367,75,562
3368,75,562
3369,75,562
3370,75,562
3371,75,562
3372,75,562
3373,75,563
3374,75,563
3375,75,563
3376,76,563
3377,76,563
3378,76,563
3379,76,564
3380,76,564
3381,76,564
3382,76,564
3383,76,564
3384,76,564
3385,76,565
3386,76,565
3387,76,565
3388,76,565
3389,76,565
3390,76,565
3391,76,566
3392,76,566
3393,76,566
3394,76,566
3395,76,566
3396,76,566
3397,76,567
3398,76,567
3399,76,567
3400,76,567
3401,76,567
3402,76,567
3403,76,568
3404,76,568
3405,76,568
3406,76,568
3407,76,568
3408,76,568
3409,76,569
3410,76,569
3411,77,569
3412,77,569
3413,77,569
3414,77,569
3415,77,570
3416,77,570
3417,77,570
3418,77,570
3419,77,570
3420,77,570
3421,77,571
3422,77,571
3423,77,571
3424,77,571
3425,77,571
3426,77,571
3427,77,572
3428,77,572
3429,77,572
3430,77,572
3431,77,572
3432,77,572
3433,77,573
3434,77,573
3435,77,573
3436,77,573
3437,77,573
3438,77,573
3439,77,574
3440,77,574
3441,77,574
3442,77,574
3443,77,574
3444,77,574
3445,77,575
3446,78,575
3447,78,575
3448,78,575
3449,78,575
3450,78,575
3451,78,576
3452,78,576
3453,78,576
3454,78,576
3455,78,576
3456,78,576
3457,78,577
3458,78,577
3459,78,577
3460,78,577
3461,78,577
3462,78,577
3463,78,578
3464,78,578
3465,78,578
3466,78,578
3467,78,578
3468,78,578
3469,78,579
3470,78,579
3471,78,579
3472,78,579
3473,78,579
3474,78,579
3475,78,580
3476,78,580
3477,78,580
3478,78,580
3479,78,580
3480,78,580
3481,79,581
3482,79,581
3483,79,581
3484,79,581
3485,79,581
3486,79,581
3487,79,582
3488,79,582
3489,79,582
3490,79,582
3491,79,582
3492,79,582
3493,79,583
3494,79,583
3495,79,583
3496,79,583
3497,79,583
3498,79,583
3499,79,584
3500,79,584
3501,79,584
3502,79,584
3503,79,584
3504,79,584
3505,79,585
3506,79,585
3507,79,585
3508,79,585
3509,79,585
3510,79,585
3511,79,586
3512,79,586
3513,79,586
3514,79,586
3515,79,586
3516,80,586
3517,80,587
3518,80,587
3519,80,587
3520,80,587
3521,80,587
3522,80,587
3523,80,588
3524,80,588
3525,80,588
3526,80,588
3527,80,588
3528,80,588
3529,80,589
3530,80,589
3531,80,589
3532,80,589
3533,80,589
3534,80,589
3535,80,590
3536,80,590
3537,80,590
3538,80,590
3539,80,590
3540,80,590
3541,80,591
3542,80,591
3543,80,591
3544,80,591
3545,80,591
3546,80,591
3547,80,592
3548,80,592
3549,80,592
3550,80,592
3551,81,592
3552,81,592
3553,81,593
3554,81,593
3555,81,593
3556,81,593
3557,81,593
3558,81,593
3559,81,594
3560,81,594
3561,81,594
3562,81,594
3563,81,594
3564,81,594
3565,81,595
3566,81,595
3567,81,595
3568,81,595
3569,81,595
3570,81,595
3571,81,596
3572,81,596
3573,81,596
3574,81,596
3575,81,596
3576,81,596
3577,81,597
3578,81,597
3579,81,597
3580,81,597
3581,81,597
3582,81,597
3583,81,598
3584,81,598
3585,81,598
3586,82,598
3587,82,598
3588,82,598
3589,82,599
3590,82,599
3591,82,599
3592,82,599
3593,82,599
3594,82,599
3595,82,600
3596,82,600
3597,82,600
3598,82,600
3599,82,600
3600,82,600
3601,82,601
3602,82,601
3603,82,601
3604,82,601
3605,82,601
3606,82,601
3607,82,602
3608,82,602
3609,82,602
3610,82,602
3611,82,602
3612,82,602
3613,82,603
3614,82,603
3615,82,603
3616,82,603
3617,82,603
3618,82,603
3619,82,604
3620,82,604
3621,83,604
3622,83,604
3623,83,604
3624,83,604
3625,83,605
3626,83,605
3627,83,605
3628,83,605
3629,83,605
3630,83,605
3631,83,606
3632,83,606
3633,83,606
3634,83,606
3635,83,606
3636,83,606
3637,83,607
3638,83,607
3639,83,607
3640,83,607
3641,83,607
3642,83,607
3643,83,608
3644,83,608
3645,83,608
3646,83,608
3647,83,608
3648,83,608
3649,83,609
3650,83,609
3651,83,609
3652,83,609
3653,83,609
3654,83,609
3655,83,610
3656,84,610
3657,84,610
3658,84,610
3659,84,610
3660,84,610
3661,84,611
3662,84,611
3663,84,611
3664,84,611
3665,84,611
3666,84,611
3667,84,612
3668,84,612
3669,84,612
3670,84,612
3671,84,612
3672,84,612
3673,84,613
3674,84,613
3675,84,613
3676,84,613
3677,84,613
3678,84,613
3679,84,614
3680,84,614
3681,84,614
3682,84,614
3683,84,614
3684,84,614
3685,84,615
3686,84,615
3687,84,615
3688,84,615
3689,84,615
3690,84,615
3691,85,616
3692,85,616
3693,85,616
3694,85,616
3695,85,616
3696,85,616
3697,85,617
3698,85,617
3699,85,617
3700,85,617
3701,85,617
3702,85,617
3703,85,618
3704,85,618
3705,85,618
3706,85,618
3707,85,618
3708,85,618
3709,85,619
3710,85,619
3711,85,619
3712,85,619
3713,85,619
3714,85,619
3715,85,620
3716,85,620
3717,85,620
3718,85,620
3719,85,620
3720,85,620
3721,85,621
3722,85,621
3723,85,621
3724,85,621
3725,85,621
3726,86,621
3727,86,622
3728,86,622
3729,86,622
3730,86,622
3731,86,622
3732,86,622
3733,86,623
3734,86,623
3735,86,623
3736,86,623
3737,86,623
3738,86,623
3739,86,624
3740,86,624
3741,86,624
3742,86,624
3743,86,624
3744,86,624
3745,86,625
3746,86,625
3747,86,625
3748,86,625
3749,86,625
3750,86,625
3751,86,626
3752,86,626
3753,86,626
3754,86,626
3755,86,626
3756,86,626
3757,86,627
3758,86,627
3759,86,627
3760,86,627
3761,87,627
3762,87,627
3763,87,628
3764,87,628
3765,87,628
3766,87,628
3767,87,628
3768,87,628
3769,87,629
3770,87,629
3771,87,629
3772,87,629
3773,87,629
3774,87,629
3775,87,630
3776,87,630
3777,87,630
3778,87,630
3779,87,630
3780,87,630
3781,87,631
3782,87,631
3783,87,631
3784,87,631
3785,87,631
3786,87,631
3787,87,632
3788,87,632
3789,87,632
3790,87,632
3791,87,632
3792,87,632
3793,87,633
3794,87,633
3795,87,633
3796,88,633
3797,88,633
3798,88,633
3799,88,634
3800,88,634
3801,88,634
3802,88,634
3803,88,634
3804,88,634
3805,88,635
3806,88,635
3807,88,635
3808,88,635
3809,88,635
3810,88,635
3811,88,636
3812,88,636
3813,88,636
3814,88,636
3815,88,636
3816,88,636
3817,88,637
3818,88,637
3819,88,637
3820,88,637
3821,88,637
3822,88,637
3823,88,638
3824,88,638
3825,88,638
3826,88,638
3827,88,638
3828,88,638
3829,88,639
3830,88,639
3831,89,639
3832,89,639
3833,89,639
3834,89,639
3835,89,640
3836,89,640
3837,89,640
3838,89,640
3839,89,640
3840,89,640
3841,89,641
3842,89,641
3843,89,641
3844,89,641
3845,89,641
3846,89,641
3847,89,642
3848,89,642
3849,89,642
3850,89,642
3851,89,642
3852,89,642
3853,89,643
3854,89,643
3855,89,643
3856,89,643
3857,89,643
3858,89,643
3859,89,644
3860,89,644
3861,89,644
3862,89,644
3863,89,644
3864,89,644
3865,89,645
3866,90,645
3867,90,645
3868,90,645
3869,90,645
3870,90,645
3871,90,646
3872,90,646
3873,90,646
3874,90,646
3875,90,646
3876,90,646
3877,90,647
3878,90,647
3879,90,647
3880,90,647
3881,90,647
3882,90,647
3883,90,648
3884,90,648
3885,90,648
3886,90,648
3887,90,648
3888,90,648
3889,90,649
3890,90,649
3891,90,649
3892,90,649
3893,90,649
3894,90,649
3895,90,650
3896,90,650
3897,90,650
3898,90,650
3899,90,650
3900,90,650
3901,91,651
3902,91,651
3903,91,651
3904,91,651
3905,91,651
3906,91,651
3907,91,652
3908,91,652
3909,91,652
3910,91,652
3911,91,652
3912,91,652
3913,91,653
3914,91,653
3915,91,653
3916,91,653
3917,91,653
3918,91,653
3919,91,654
3920,91,654
3921,91,654
3922,91,654
3923,91,654
3924,91,654
3925,91,655
3926,91,655
3927,91,655
3928,91,655
3929,91,655
3930,91,655
3931,91,656
3932,91,656
3933,91,656
3934,91,656
3935,91,656
3936,92,656
3937,92,657
3938,92,657
3939,92,657
3940,92,657
3941,92,657
3942,92,657
3943,92,658
3944,92,658
3945,92,658
3946,92,658
3947,92,658
3948,92,658
3949,92,659
3950,92,659
3951,92,659
3952,92,659
3953,92,659
3954,92,659
3955,92,660
3956,92,660
3957,92,660
3958,92,660
3959,92,660
3960,92,660
3961,92,661
3962,92,661
3963,92,661
3964,92,661
3965,92,661
3966,92,661
3967,92,662
3968,92,662
3969,92,662
3970,92,662
3971,93,662
3972,93,662
3973,93,663
3974,93,663
3975,93,663
3976,93,663
3977,93,663
3978,93,663
3979,93,664
3980,93,664
3981,93,664
3982,93,664
3983,93,664
3984,93,664
3985,93,665
3986,93,665
3987,93,665
3988,93,665
3989,93,665
3990,93,665
3991,93,666
3992,93,666
3993,93,666
3994,93,666
3995,93,666
3996,93,666
3997,93,667
3998,93,667
3999,93,667
4000,93,667
4001,93,667
4002,93,667
4003,93,668
4004,93,668
4005,93,668
4006,94,668
4007,94,668
4008,94,668
4009,94,669
4010,94,669
4011,94,669
4012,94,669
4013,94,669
4014,94,669
4015,94,670
4016,94,670
4017,94,670
4018,94,670
4019,94,670
4020,94,670
4021,94,671
4022,94,671
4023,94,671
4024,94,671
4025,94,671
4026,94,671
4027,94,672
4028,94,672
4029,94,672
4030,94,672
4031,94,672
4032,94,672
4033,94,673
4034,94,673
4035,94,673
4036,94,673
4037,94,673
4038,94,673
4039,94,674
4040,94,674
4041,95,674
4042,95,674
4043,95,674
4044,95,674
4045,95,675
4046,95,675
4047,95,675
4048,95,675
4049,95,675
4050,95,675
4051,95,676
4052,95,676
4053,95,676
4054,95,676
4055,95,676
4056,95,676
4057,95,677
4058,95,677
4059,95,677
4060,95,677
4061,95,677
4062,95,677
4063,95,678
4064,95,678
4065,95,678
4066,95,678
4067,95,678
4068,95,678
4069,95,679
4070,95,679
4071,95,679
4072,95,679
4073,95,679
4074,95,679
4075,95,680
4076,96,680
4077,96,680
4078,96,680
4079,96,680
4080,96,680
4081,96,681
4082,96,681
4083,96,681
4084,96,681
4085,96,681
4086,96,681
4087,96,682
4088,96,682
4089,96,682
4090,96,682
4091,96,682
4092,96,682
4093,96,683
4094,96,683
4095,96,683
4096,96,683
4097,96,683
4098,96,683
4099,96,684
4100,96,684
4101,96,684
4102,96,684
4103,96,684
4104,96,684
4105,96,685
4106,96,685
4107,96,685
4108,96,685
4109,96,685
4110,96,685
4111,97,686
4112,97,686
4113,97,686
4114,97,686
4115,97,686
4116,97,686
4117,97,687
4118,97,687
4119,97,687
4120,97,687
4121,97,687
4122,97,687
4123,97,688
4124,97,688
4125,97,688
4126,97,688
4127,97,688
4128,97,688
4129,97,689
4130,97,689
4131,97,689
4132,97,689
4133,97,689
4134,97,689
4135,97,690
4136,97,690
4137,97,690
4138,97,690
4139,97,690
4140,97,690
4141,97,691
4142,97,691
4143,97,691
4144,97,691
4145,97,691
4146,98,691
4147,98,692
4148,98,692
4149,98,692
4150,98,692
4151,98,692
4152,98,692
4153,98,693
4154,98,693
4155,98,693
4156,98,693
4157,98,693
4158,98,693
4159,98,694
4160,98,694
4161,98,694
4162,98,694
4163,98,694
4164,98,694
4165,98,695
4166,98,695
4167,98,695
4168,98,695
4169,98,695
4170,98,695
4171,98,696
4172,98,696
4173,98,696
4174,98,696
4175,98,696
4176,98,696
4177,98,697
4178,98,697
4179,98,697
4180,98,697
4181,99,697
4182,99,697
4183,99,698
4184,99,698
4185,99,698
4186,99,698
4187,99,698
4188,99,698
4189,99,699
4190,99,699
4191,99,699
4192,99,699
4193,99,699
4194,99,699
4195,99,700
4196,99,700
4197,99,700
4198,99,700
4199,99,700
4200,99,700
4201,99,701
4202,99,701
4203,99,701
4204,99,701
4205,99,701
4206,99,701
4207,99,702
4208,99,702
4209,99,702
4210,99,702
4211,99,702
4212,99,702
4213,99,703
4214,99,703
4215,99,703
4216,100,703
4217,100,703
4218,100,703
4219,100,704
4220,100,704
4221,100,704
4222,100,704
4223,100,704
4224,100,704
4225,100,705
4226,100,705
4227,100,705
4228,100,705
4229,100,705
4230,100,705
4231,100,706
4232,100,706
4233,100,706
4234,100,706
4235,100,706
4236,100,706
4237,100,707
4238,100,707
4239,100,707
4240,100,707
4241,100,707
4242,100,707
4243,100,708
4244,100,708
4245,100,708
4246,100,708
4247,100,708
4248,100,708
4249,100,709
4250,100,709
